insert into inscricao values(205517284, 'M', '22/12/88', 'PARDA', 'SIM'),
(205374514, 'F', '09/06/02', 'PARDA', 'NÃO'),
(205519487, 'F', '21/04/95', 'PARDA', 'NÃO'),
(205375134, 'M', '10/07/94', 'BRANCA', 'NÃO'),
(205439185, 'M', '22/01/90', 'PARDA', 'NÃO'),
(281805657, 'M', '15/05/00', 'PARDA', 'NÃO'),
(206007558, 'F', '18/03/00', 'BRANCA', 'NÃO'),
(206008209, 'F', '12/04/02', 'BRANCA', 'NÃO'),
(352266664, 'M', '23/04/90', 'BRANCA', 'NÃO'),
(351408184, 'F', '24/02/00', 'BRANCA', 'NÃO');

insert into proc_seletivo values(205517284, 2021, 1),
(205374514, 2021, 1),
(205519487, 2021, 1),
(205375134, 2021, 1),
(205439185, 2021, 1),
(281805657, 2021, 2),
(206007558, 2021, 2),
(206008209, 2021, 2),
(352266664, 2021, 2),
(351408184, 2021, 2);

insert into estudante values(205517284, 'SIM', 2009, 'SIM', 'NÃO'),
(205374514, 'NÃO', 2019, 'NÃO', 'NÃO'),
(205519487, 'SIM', 2011, 'NÃO', 'NÃO'),
(205375134, 'NÃO', 2011, 'NÃO', 'NÃO'),
(205439185, 'NÃO', 2007, 'SIM', 'NÃO'),
(281805657, 'SIM', 2017, 'NÃO', 'NÃO'),
(206007558, 'NÃO', 2017, 'NÃO', 'NÃO'),
(206008209, 'NÃO', 2020, 'NÃO', 'NÃO'),
(352266664, 'SIM', 2007, 'NÃO', 'NÃO'),
(351408184, 'SIM', 2018, 'NÃO', 'NÃO');

insert into renda values(205517284, 1, 2090.00, 1045.00),
(205374514, 3, 3848.53, 962.13),
(205519487, 0, null, 3000.00),
(205375134, 0, null, 1500.00),
(205439185, 4, 1200.00, 240.00),
(281805657, 2, 4253.03, 1417.68),
(206007558, 2, 3700.00, 1233.33),
(206008209, 4, 5400.00, 1080.00),
(352266664, 3, 2400.00, 600.00),
(351408184, 2, 2000.00, 666.67);

insert into residencia values(205517284, 'PR', 'CURITIBA'),
(205374514, 'BA', 'BOM JESUS DA LAPA'),
(205519487, 'AM', 'PARINTINS'),
(205375134, 'PR', 'CURITIBA'),
(205439185, 'MG', 'ITAJUBÁ'),
(281805657, 'PR', 'COLOMBO'),
(206007558, 'RJ', 'ITABORAÍ'),
(206008209, 'RJ', 'NITERÓI'),
(352266664, 'PR', 'SÃO JOSÉ DOS PINHAIS'),
(351408184, 'PR', 'CAMPINA GRANDE DO SUL');

insert into microrregiao values(41037, 'CURITIBA'),  
(26017, 'RECIFE'), 
(31056, 'ITAJUBÁ'),
(33018, 'RIO DE JANEIRO');

insert into mesorregiao values(4110, 'METROPOLITANA DE CURITIBA'), 
(2605, 'METROPOLITANA DE RECIFE'), 
(3110, 'SUL/SUDOESTE DE MINAS'), 
(3306, 'METROPOLITANA DO RIO DE JANEIRO');

insert into regiao values(205517284, 41037, 4110, 'SUL', 'PARANÁ'),
(205374514, 26017, 2605, 'NORDESTE', 'PERNAMBUCO'),
(205519487, 41037, 4110, 'SUL', 'PARANÁ'),
(205375134, 41037, 4110, 'SUL', 'PARANÁ'),
(205439185, 31056, 3110, 'SUDESTE', 'MINAS GERAIS'),
(281805657, 41037, 4110, 'SUL', 'PARANÁ'),
(206007558, 33018, 3306, 'SUDESTE', 'RIO DE JANEIRO'),
(206008209, 33018, 3306, 'SUDESTE', 'RIO DE JANEIRO'),
(352266664, 41037, 4110, 'SUL', 'PARANÁ'),
(351408184, 41037, 4110, 'SUL', 'PARANÁ');

insert into subarea values('ARTES, CIÊNCIAS SOCIAIS E CURSOS RELACIONADOS', 450.14),
('MEDICINA', 758.64),
('DIREITO, COMÉRCIO EXTERIOR, BIBLIOTECONOMIA E CURSOS RELACIONADOS', 617.08),
('ENGENHARIA ELÉTRICA, ELETRÔNICA, DA COMPUTAÇÃO E CURSOS RELACIONADOS', 598.58),
('ENGENHARIA CIVIL E AMBIENTAL, ARQUITETURA E CURSOS RELACIONADOS', 557.70),
('CIÊNCIAS BIOLÓGICAS (BEL), BIOMEDICINA, BIOTECNOLOGIA E CURSOS RELACIONADOS', 566.58);

insert into grupo_pref values(121325, 'ARTES, CIÊNCIAS SOCIAIS E CURSOS RELACIONADOS'),
(118968, 'MEDICINA'),
(121347, 'DIREITO, COMÉRCIO EXTERIOR, BIBLIOTECONOMIA E CURSOS RELACIONADOS'),
(119882, 'ENGENHARIA ELÉTRICA, ELETRÔNICA, DA COMPUTAÇÃO E CURSOS RELACIONADOS'),
(125824, 'DIREITO, COMÉRCIO EXTERIOR, BIBLIOTECONOMIA E CURSOS RELACIONADOS'),
(124670, 'MEDICINA'),
(125795, 'ENGENHARIA CIVIL E AMBIENTAL, ARQUITETURA E CURSOS RELACIONADOS'),
(125833, 'CIÊNCIAS BIOLÓGICAS (BEL), BIOMEDICINA, BIOTECNOLOGIA E CURSOS RELACIONADOS');

insert into insc_grupo_pref values(205517284, 121325, '4', 'CURSOS DA ÁREA DE LICENCIATURA, PEDAGOGIA E NORMAL SUPERIOR', 1),
(205374514, 118968, '5', 'CURSOS DA AREA DE SAUDE', 1),
(205519487, 121325, '4', 'CURSOS DA ÁREA DE LICENCIATURA, PEDAGOGIA E NORMAL SUPERIOR', 1),
(205375134, 121347, '5', 'CURSOS NAO PRIORITARIOS', 2),
(205439185, 119882, '4', 'CURSOS DA ÁREA DE ENGENHARIA E CIÊNCIA DA COMPUTAÇÃO', 1),
(281805657, 125824, '5', 'CURSOS NAO PRIORITARIOS', 1),
(206007558, 124670, '4', 'CURSOS DA AREA DE SAUDE', 2),
(206008209, 124670, '4', 'CURSOS DA AREA DE SAUDE', 2),
(352266664, 125795, 'Autorizado', 'CURSOS DA ÁREA DE ENGENHARIA E CIÊNCIA DA COMPUTAÇÃO', 2),
(351408184, 125833, 'Autorizado', 'CURSOS NAO PRIORITARIOS', 3);

insert into nome_mant values(10, 'ASSOCIACAO PARANAENSE DE CULTURA - APC'),
(11, 'CENTRO DE EDUCACAO TECNICA E CULTURAL'),
(40, 'FUNDACAO DE ENSINO E PESQUISA DE ITAJUBA'),
(119, 'SOCIEDADE DE ENSINO SUPERIOR ESTACIO DE SA LTDA'),
(844, 'OPET ORGANIZACAO PARANAENSE DE ENSINO TECNICO LTDA');

insert into mantenedora values(205517284, 76659820000151, 'PESSOA JURÍDICA DE DIREITO PRIVADO - SEM FINS LUCRATIVOS - ASSOCIAÇÃO DE UTILIDADE PÚBLICA', 10),
(205374514, 10847705000100, 'PRIVADA SEM FINS LUCRATIVOS', 11),
(205519487, 76659820000151, 'PESSOA JURÍDICA DE DIREITO PRIVADO - SEM FINS LUCRATIVOS - ASSOCIAÇÃO DE UTILIDADE PÚBLICA', 10),
(205375134, 76659820000151, 'PESSOA JURÍDICA DE DIREITO PRIVADO - SEM FINS LUCRATIVOS - ASSOCIAÇÃO DE UTILIDADE PÚBLICA', 10),
(205439185, 21041264000163, 'PRIVADA SEM FINS LUCRATIVOS', 40),
(281805657, 76659820000151, 'PESSOA JURÍDICA DE DIREITO PRIVADO - SEM FINS LUCRATIVOS - ASSOCIAÇÃO DE UTILIDADE PÚBLICA', 10),
(206007558, 34075739000184, 'PRIVADA COM FINS LUCRATIVOS', 119),
(206008209, 34075739000184, 'PRIVADA COM FINS LUCRATIVOS', 119),
(352266664, 75118406000172, 'PRIVADA COM FINS LUCRATIVOS', 844),
(351408184, 75118406000172, 'PRIVADA COM FINS LUCRATIVOS', 844);

insert into IES values(205517284, 10, 'PONTIFÍCIA UNIVERSIDADE CATÓLICA DO PARANÁ', 'UNIVERSIDADE', 'CURITIBA', 'PR'),
(205374514, 11, 'UNIVERSIDADE CATÓLICA DE PERNAMBUCO', 'UNIVERSIDADE', 'RECIFE', 'PE'),
(205519487, 10, 'PONTIFÍCIA UNIVERSIDADE CATÓLICA DO PARANÁ', 'UNIVERSIDADE', 'CURITIBA', 'PR'),
(205375134, 10, 'PONTIFÍCIA UNIVERSIDADE CATÓLICA DO PARANÁ', 'UNIVERSIDADE', 'CURITIBA', 'PR'),
(205439185, 1869, 'CENTRO UNIVERSITÁRIO DE ITAJUBÁ', 'CENTRO UNIVERSITÁRIO', 'ITAJUBÁ', 'MG'),
(281805657, 10, 'PONTIFÍCIA UNIVERSIDADE CATÓLICA DO PARANÁ', 'UNIVERSIDADE', 'CURITIBA', 'PR'),
(206007558, 163, 'UNIVERSIDADE ESTÁCIO DE SÁ', 'UNIVERSIDADE', 'RIO DE JANEIRO', 'RJ'),
(206008209, 163, 'UNIVERSIDADE ESTÁCIO DE SÁ', 'UNIVERSIDADE', 'RIO DE JANEIRO', 'RJ'),
(352266664, 5403, 'CENTRO UNIVERSITÁRIO OPET', 'CENTRO UNIVERSITÁRIO', 'CURITIBA', 'PR'),
(351408184, 5403, 'CENTRO UNIVERSITÁRIO OPET', 'CENTRO UNIVERSITÁRIO', 'CURITIBA', 'PR');

insert into local_oferta values(205517284, 657676, 'PUCPR - CAMPUS CURITIBA', 'CURITIBA', 'PR'),
(205374514, 657677, 'POLO NA SEDE', 'RECIFE', 'PE'),
(205519487, 657676, 'PUCPR - CAMPUS CURITIBA', 'CURITIBA', 'PR'),
(205375134, 657676, 'PUCPR - CAMPUS CURITIBA', 'CURITIBA', 'PR'),
(205439185, 658830, 'UNIDADE SEDE', 'ITAJUBÁ', 'MG'),
(281805657, 657676, 'PUCPR - CAMPUS CURITIBA', 'CURITIBA', 'PR'),
(206007558, 431, 'CENTRO I - PRESIDENTE VARGAS', 'RIO DE JANEIRO', 'RJ'),
(206008209, 431, 'CENTRO I - PRESIDENTE VARGAS', 'RIO DE JANEIRO', 'RJ'),
(352266664, 1926, 'NOVA SEDE: REBOUÇAS', 'CURITIBA', 'PR'),
(351408184, 1926, 'NOVA SEDE: REBOUÇAS', 'CURITIBA', 'PR');

insert into curso values(205517284, 849, 'FILOSOFIA', 'NOTURNO', 'SEMESTRAL', '4'),
(205374514, 1200712, 'MEDICINA', 'INTEGRAL', 'SEMESTRAL', '5'),
(205519487, 849, 'FILOSOFIA', 'MATUTINO', 'SEMESTRAL', '4'),
(205375134, 857, 'DIREITO', 'NOTURNO', 'SEMESTRAL', '5'),
(205439185, 1160067, 'ENGENHARIA ELÉTRICA', 'NOTURNO', 'SEMESTRAL', '4'),
(281805657, 857, 'DIREITO', 'NOTURNO', 'SEMESTRAL', '5'),
(206007558, 18594, 'MEDICINA', 'INTEGRAL', 'SEMESTRAL', '4'),
(206008209, 18594, 'MEDICINA', 'INTEGRAL', 'SEMESTRAL', '4'),
(352266664, 1505947, 'ARQUITETURA E URBANISMO', 'NOTURNO', 'SEMESTRAL', 'Autorizado'),
(351408184, 1505922, 'BIOMEDICINA', 'MATUTINO', 'SEMESTRAL', 'Autorizado');

insert into enem values(205517284, 2017, 450.14, 460.00, 363.50, 489.80, 507.00, 430.40),
(205374514, 2019, 611.84, 900.00, 522.00, 569.20, 484.20, 583.80),
(205519487, 2012, 649.42, 820.00, 687.50, 605.60, 539.10, 594.90),
(205375134, 2011, 701.82, 900.00, 758.10, 646.90, 598.40, 605.70),
(205439185, 2010, 646.84, 675.00, 727.30, 576.00, 592.40, 663.50),
(281805657, 2020, 624.10, 640.00, 675.40, 643.20, 539.70, 622.20),
(206007558, 2020, 730.06, 960.00, 729.50, 631.80, 647.00, 682.00),
(206008209, 2020, 604.04, 860.00, 478.60, 608.50, 526.50, 546.60),
(352266664, 2011, 536.98, 400.00, 647.80, 555.30, 484.50, 597.30),
(351408184, 2020, 476.66, 480.00, 471.80, 482.10, 467.10, 482.30);

insert into financiamento values(205517284, 'PARTICIPACAO CANCELADA PELO CANDIDATO', null, null, null),
(205374514, 'PARTICIPACAO CANCELADA PELO CANDIDATO', null, null, null),
(205519487, 'NÃO CONTRATADO', null, null, null),
(205375134, 'NÃO CONTRATADO', null, null, null),
(205439185, 'REJEITADA PELA CPSA', null, null, null),
(281805657, 'NÃO CONTRATADO', null, null, null),
(206007558, 'LISTA DE ESPERA', null, null, null),
(206008209, 'LISTA DE ESPERA', null, null, null),
(352266664, 'NÃO CONTRATADO', null, null, null),
(351408184, 'PRÉ-SELECIONADO', null, null, 8);